Step,Value
256000,-3982.748779296875
512000,-3991.306396484375
