Step,Value
31,-3982.748779296875
62,-3991.306396484375
