Step,Value
1000,-3982.748779296875
2000,-3991.306396484375
