Step,Value
25140,-3982.748779296875
45140,-3991.306396484375
