Step,Value
1000,8.872560101735871e-06
2000,1.5935760529828258e-05
